{
  "assetsByChunkName": {
    "vendors~app-account~app-checkout~app-confirmation~app-order": "chunk.ea62ca06e2fb699ad9ae.js",
    "vendors~app-account~app-confirmation~app-order": "chunk.d704a03deb5ccf392ee4.js",
    "vendors~app-account~app-checkout": "chunk.c0e7db223322286c3983.js",
    "admin": [
      "admin.bb0687f9507881b11bd1.js",
      "admin.bb0687f9507881b11bd1.js.map"
    ],
    "app-account": "chunk.996e0a762e3895a033b1.js",
    "app-cart": "chunk.e51567e626a04805a1ab.js",
    "app-checkout": "chunk.2ae6f5d2fd8066e67247.js",
    "app-confirmation": "chunk.3a5bb91ced7c792c8885.js",
    "app-order": "chunk.ada3fbc6f0b4205ba27a.js",
    "checkout": [
      "checkout.63a3aeac383db052b7db.js",
      "checkout.63a3aeac383db052b7db.js.map"
    ],
    "storefront": [
      "storefront.3cf3b6c0b910e85cb17a.css",
      "storefront.cde23b4765aa0749dfe9.js",
      "storefront.3cf3b6c0b910e85cb17a.css.map",
      "storefront.cde23b4765aa0749dfe9.js.map"
    ],
    "vendors~app-cart": "chunk.f4131d62c20452032d92.js",
    "vendors~app-checkout": "chunk.e37fe4defc3634b87187.js"
  }
}