{
  "title": "Indique",
  "meta_title": "Indique nossos produtos e ganhe descontos no site",
  "meta_description": "Indique nosso produtos e ganhe descontos exclusivos no site!",
  "body": "Compartilhe um link com seu código de **7% desconto** para primeira compra em nossa loja\n\nA gente vai te dar **R$10 por cada indicação** bem-sucedida.\n\n<div id=\"affiliate-link\"></div>",
  "sections": [
    {
      "type": "page-title",
      "title": "Indique: Dê 7% off e ganhe R$10",
      "description": ""
    },
    {
      "type": "extra-page",
      "enabled": true
    },
    {
      "type": "custom-content",
      "markdown": "## **Confira abaixo as regras da promoção:**\n\n1. **Como funciona o programa de indicação?** Compartilhe um link com seu código de 7% desconto para primeiras compras em nossa loja! A gente vai te dar R$10 por cada indicação bem-sucedida. Para começar você só precisa ter um [cadastro ativo](/app/#/account/) na loja.\n2. **Indiquei alguém, como e quando posso resgatar minha recompensa?** Sempre que houver uma venda efetuada a partir do seu link você receberá um cashback de *Afiliado*, poderá visualizar os pontos [na sua conta](/app/#/account/points) e utilizá-los na loja a qualquer momento.\n3. **Posso indicar a mim mesmo?** Você pode indicar para todo mundo (exceto você mesmo) que ainda não fez uma compra com a gente. \n4. **Quantas recompensas posso receber, e elas são cumulativas?** Para cada novo amigo, você ganha uma nova recompensa. Não há limites. Mas os créditos de R$10 não são cumulativos, então você receberá um novo vale presente a cada vez que um novo amigo concluir sua indicação.\n5. **Onde posso acompanhar o status de minhas recompensas?** Você pode verificar os pontos ganhos e utilizados na aba [*Cachback* da página minha conta](/app/#/account/points).\n6. **Por que não recebi minha recompensa?** Geralmente, a recompensa não é recebida quando o processo de indicação não é bem sucedido de acordo com as regras da promoção. Pode ser que seu amigo tenha cancelado ou devolvido a compra; talvez a compra dele não tenha sido acima do valor combinado; o nosso sistema antifraude pode ter bloqueado a sua indicação por identificar qualquer falha de segurança ou a compra do seu aimgo ainda não foi devidamente faturada. Lembrando que os pontos são bonificados até 5 dias após a confirmação de pagamento do seu amigo indicado.\n7. **Cliquei no link compartilhado por alguém, como ativo o desconto de** **7 %?** É super fácil. Se você entrou no link enviado pelo seu amigo, basta clicar no botão principal para entrar no site e ativar seu desconto de 7%. Não há restrição de produtos. Caso não funcione de primeira, utilize a guia anônima do seu navegador.\n8. **O desconto de** 7**% pode ser utilizado em períodos promocionais?** Não. Em períodos promocionais, o desconto de 7% em primeiras compras no site não funciona. Ao fim da promoção vigente, ele retorna."
    }
  ]
}