{
  "categories_list": {
    "featured": [
      "/caixas-embalagens-para-doces-e-brigadeiro?Caixas P/ Doces",
      "/caixas-com-berco?Caixas com berço",
      "/embalagem-para-transporte-delivery-doces-macarons?Caixas P/ Transporte e Delivery",
      "/caixa-de-acetato?Caixa de Acetato",
      "/embalagem-para-biscoitos?Caixas P/biscoitos",
      "/embalagem-para-brownies?Caixas P/ Brownie",
      "/embalagens-para-macarons?Caixas P/ Macarons",
      "/caixas-tematicas?Datas especiais"
    ],
    "random": 3,
    "full_width": true
  },
  "centralized_logo": false,
  "marketing_stripe": {
    "text": "Aproveite 5% OFF Na Sua Primeira Compra! CUPOM: BEMVINDO5 / Não Cumulativo Com Promoções.",
    "link": "/.",
    "color": "#ffffff"
  },
  "alphabetical_order_submenu": true,
  "popup": "",
  "search_input": true,
  "desktop_megamenu": false,
  "full_width_submenu": false,
  "contacts_stripe": {
    "pages": [],
    "phone_wpp": false,
    "socials": true
  }
}