{
  "meta_title": "Pietro Embalagens - Embalagens de Qualidade para Brigadeiros e Doces com Fita de Cetim, Moldes para Chocolate e Mais ",
  "meta_description": "Procurando a embalagem perfeita para brigadeiros e doces? Nossas embalagens são feitas com papel kraft, papel cartão branco ou acetato transparente, são fáceis de montar e super resistentes. Faça seu pedido agora!",
  "sections": [
    {
      "type": "banner-slider",
      "autoplay": 5000,
      "full_width": false,
      "slides": [
        {
          "start": "",
          "end": "",
          "img": "/img/uploads/full-banner-lanc-amento-linha-bolo-1920-500-px-1-.webp",
          "mobile_img": "/img/uploads/mobile-lanc-amento-linha-bolo-1-.webp",
          "link": "https://www.pietroembalagens.com.br/caixas-para-bolos",
          "alt": "caixas para bolo"
        }
      ]
    },
    {
      "type": "info-bar",
      "enabled": true
    },
    {
      "type": "collection-shelf",
      "shuffle": true,
      "limit": 12,
      "page": 1,
      "collection_id": "646d6910a0e875411e9ad039:categories:Promoções:/caixas-em-promocao",
      "link": "https://www.pietroembalagens.com.br/caixas-em-promocao",
      "sort": "sales",
      "title": "PROMOÇÕES 😍"
    },
    {
      "type": "collection-shelf",
      "shuffle": true,
      "limit": 12,
      "page": 1,
      "collection_id": "64a0e0b35e60690370509555:categories:Caixas P/biscoitos:/embalagem-para-biscoitos",
      "sort": "views",
      "link": "https://www.pietroembalagens.com.br/embalagem-para-biscoitos",
      "title": "Linha Biscoitos"
    },
    {
      "type": "collection-shelf",
      "shuffle": true,
      "collection_id": null,
      "sort": "sales",
      "title": "Mais Vendidos",
      "headless": false,
      "limit": 12,
      "page": 2
    },
    {
      "type": "page-title",
      "title": "Pietro Embalagens - Embalagem para brigadeiros doces e artesanato.",
      "description": "Especializada em Embalagens para brigadeiros, doces finos, lembrancinhas, presentes, aniversários etc. Trabalhamos com acetato, kraft, papel cartão, fitas e forminhas."
    }
  ]
}